Parent_ID,Parent_Name,Topics,Child_Left_ID,Child_Left_Name,Child_Right_ID,Child_Right_Name,Distance
772,openai_the_gpt_to_of,"[0, 1, 2, 3, 4, 5, 6, 7, 8, 9, 10, 11, 12, 13, 14, 15, 16, 17, 18, 19, 20, 21, 22, 23, 24, 25, 26, 27, 28, 29, 30, 31, 32, 33, 34, 35, 36, 37, 38, 39, 40, 41, 42, 43, 44, 45, 46, 47, 48, 49, 50, 51, 52, 53, 54, 55, 56, 57, 58, 59, 60, 61, 62, 63, 64, 65, 66, 67, 68, 69, 70, 71, 72, 73, 74, 75, 76, 77, 78, 79, 80, 81, 82, 83, 84, 85, 86, 87, 88, 89, 90, 91, 92, 93, 94, 95, 96, 97, 98, 99, 100, 101, 102, 103, 104, 105, 106, 107, 108, 109, 110, 111, 112, 113, 114, 115, 116, 117, 118, 119, 120, 121, 122, 123, 124, 125, 126, 127, 128, 129, 130, 131, 132, 133, 134, 135, 136, 137, 138, 139, 140, 141, 142, 143, 144, 145, 146, 147, 148, 149, 150, 151, 152, 153, 154, 155, 156, 157, 158, 159, 160, 161, 162, 163, 164, 165, 166, 167, 168, 169, 170, 171, 172, 173, 174, 175, 176, 177, 178, 179, 180, 181, 182, 183, 184, 185, 186, 187, 188, 189, 190, 191, 192, 193, 194, 195, 196, 197, 198, 199, 200, 201, 202, 203, 204, 205, 206, 207, 208, 209, 210, 211, 212, 213, 214, 215, 216, 217, 218, 219, 220, 221, 222, 223, 224, 225, 226, 227, 228, 229, 230, 231, 232, 233, 234, 235, 236, 237, 238, 239, 240, 241, 242, 243, 244, 245, 246, 247, 248, 249, 250, 251, 252, 253, 254, 255, 256, 257, 258, 259, 260, 261, 262, 263, 264, 265, 266, 267, 268, 269, 270, 271, 272, 273, 274, 275, 276, 277, 278, 279, 280, 281, 282, 283, 284, 285, 286, 287, 288, 289, 290, 291, 292, 293, 294, 295, 296, 297, 298, 299, 300, 301, 302, 303, 304, 305, 306, 307, 308, 309, 310, 311, 312, 313, 314, 315, 316, 317, 318, 319, 320, 321, 322, 323, 324, 325, 326, 327, 328, 329, 330, 331, 332, 333, 334, 335, 336, 337, 338, 339, 340, 341, 342, 343, 344, 345, 346, 347, 348, 349, 350, 351, 352, 353, 354, 355, 356, 357, 358, 359, 360, 361, 362, 363, 364, 365, 366, 367, 368, 369, 370, 371, 372, 373, 374, 375, 376, 377, 378, 379, 380, 381, 382, 383, 384, 385, 386]",751,language_natural_chatbot_developed_processing,771,the_gpt_to_ai_of,2.3410521088633773
771,the_gpt_to_ai_of,"[0, 1, 2, 3, 4, 5, 6, 7, 8, 9, 10, 11, 12, 13, 14, 15, 16, 17, 18, 19, 20, 21, 22, 23, 24, 25, 26, 27, 28, 29, 30, 31, 32, 33, 34, 35, 37, 38, 39, 40, 41, 42, 43, 44, 45, 46, 47, 48, 49, 50, 51, 52, 53, 54, 55, 57, 58, 59, 60, 61, 62, 63, 64, 65, 66, 67, 68, 69, 70, 72, 73, 74, 75, 76, 77, 78, 79, 80, 81, 82, 83, 85, 86, 87, 88, 89, 90, 91, 92, 93, 94, 95, 96, 97, 98, 101, 102, 103, 104, 105, 106, 107, 108, 110, 111, 112, 113, 115, 116, 117, 118, 119, 120, 121, 122, 123, 124, 125, 126, 127, 128, 129, 130, 132, 133, 134, 135, 136, 137, 138, 139, 140, 141, 142, 143, 144, 145, 146, 147, 148, 149, 150, 151, 152, 153, 154, 155, 156, 157, 158, 159, 160, 161, 162, 163, 164, 165, 166, 167, 168, 169, 170, 171, 172, 173, 174, 175, 176, 177, 179, 180, 181, 182, 183, 184, 185, 186, 187, 188, 189, 190, 191, 192, 193, 194, 195, 196, 197, 198, 199, 200, 201, 202, 203, 204, 205, 206, 207, 208, 209, 210, 211, 212, 213, 214, 215, 216, 217, 218, 219, 220, 221, 222, 223, 224, 225, 226, 227, 228, 229, 230, 231, 232, 233, 234, 235, 236, 237, 238, 239, 240, 241, 242, 243, 244, 245, 246, 247, 248, 249, 250, 251, 252, 253, 254, 255, 256, 257, 258, 259, 260, 261, 262, 263, 264, 265, 266, 267, 268, 269, 270, 271, 272, 273, 274, 275, 276, 277, 278, 279, 280, 281, 282, 283, 284, 285, 287, 288, 289, 290, 291, 292, 293, 295, 296, 297, 298, 299, 300, 301, 302, 303, 304, 305, 306, 308, 309, 310, 311, 312, 313, 314, 315, 316, 317, 318, 319, 320, 321, 322, 323, 324, 325, 326, 327, 328, 329, 330, 331, 332, 334, 335, 336, 337, 338, 339, 340, 341, 342, 343, 344, 345, 346, 347, 348, 350, 351, 352, 353, 354, 355, 356, 357, 358, 359, 360, 361, 362, 363, 364, 365, 366, 367, 368, 369, 370, 371, 372, 373, 374, 375, 376, 377, 378, 379, 380, 381, 382, 383, 384, 385, 386]",768,openai_parameters_chatgpt_api_is,770,ai_this_post_discusses_the,2.081341673071749
770,ai_this_post_discusses_the,"[2, 3, 4, 8, 11, 12, 15, 16, 19, 20, 21, 22, 24, 25, 28, 29, 30, 31, 34, 38, 39, 40, 42, 43, 48, 50, 52, 53, 54, 57, 59, 62, 65, 67, 68, 70, 72, 73, 74, 78, 79, 80, 81, 83, 86, 89, 90, 93, 95, 98, 101, 102, 103, 104, 105, 107, 110, 111, 112, 115, 116, 117, 118, 120, 121, 122, 124, 128, 129, 132, 133, 134, 135, 136, 137, 138, 139, 140, 143, 144, 145, 146, 147, 148, 149, 151, 153, 154, 155, 158, 159, 160, 161, 162, 164, 165, 166, 167, 168, 169, 170, 172, 173, 176, 177, 179, 180, 182, 183, 184, 188, 189, 191, 192, 193, 196, 197, 198, 199, 200, 201, 202, 203, 204, 206, 207, 209, 210, 211, 212, 214, 215, 216, 217, 218, 220, 223, 224, 225, 227, 228, 229, 230, 232, 233, 235, 236, 237, 239, 240, 242, 243, 244, 245, 246, 247, 249, 251, 252, 254, 255, 256, 258, 260, 261, 265, 266, 267, 268, 269, 270, 271, 273, 274, 275, 277, 278, 279, 280, 282, 283, 284, 285, 287, 288, 290, 291, 292, 293, 295, 296, 297, 298, 299, 300, 301, 303, 304, 309, 311, 312, 313, 315, 316, 317, 319, 320, 321, 322, 323, 324, 325, 326, 327, 328, 329, 330, 331, 332, 334, 335, 336, 337, 338, 339, 340, 341, 342, 343, 344, 346, 347, 348, 350, 351, 352, 353, 354, 355, 356, 358, 359, 360, 361, 363, 364, 366, 367, 368, 370, 371, 372, 373, 374, 375, 376, 377, 378, 379, 380, 381, 384, 385, 386]",759,search_google_bing_engine_seo,769,ai_this_discusses_toshi_post,1.7512235282816406
769,ai_this_discusses_toshi_post,"[2, 3, 4, 8, 12, 15, 19, 20, 21, 22, 24, 25, 28, 29, 30, 31, 34, 38, 40, 42, 43, 48, 50, 52, 53, 54, 57, 59, 62, 65, 67, 68, 72, 73, 74, 78, 79, 80, 81, 83, 86, 89, 90, 93, 95, 98, 101, 102, 103, 104, 105, 107, 110, 111, 112, 115, 116, 117, 118, 120, 121, 122, 124, 128, 129, 132, 133, 134, 135, 136, 137, 138, 139, 140, 143, 144, 145, 146, 147, 148, 149, 151, 153, 154, 155, 158, 159, 160, 161, 162, 164, 165, 166, 167, 168, 169, 170, 172, 173, 176, 177, 179, 180, 182, 183, 184, 188, 189, 191, 192, 193, 196, 197, 198, 199, 200, 201, 202, 203, 204, 206, 207, 209, 210, 211, 212, 214, 215, 216, 217, 218, 223, 224, 225, 227, 228, 229, 230, 232, 233, 235, 236, 237, 239, 240, 242, 243, 244, 245, 246, 247, 249, 251, 252, 254, 255, 256, 258, 260, 261, 265, 266, 267, 268, 270, 271, 273, 274, 275, 277, 278, 279, 280, 282, 283, 284, 285, 287, 288, 290, 291, 292, 293, 295, 296, 297, 298, 299, 300, 301, 303, 304, 309, 311, 312, 313, 315, 316, 317, 320, 321, 322, 323, 324, 325, 326, 327, 329, 330, 331, 332, 334, 335, 336, 337, 338, 339, 340, 341, 342, 343, 344, 347, 348, 350, 351, 352, 353, 354, 355, 356, 359, 360, 361, 363, 364, 366, 367, 368, 370, 371, 372, 373, 374, 375, 376, 377, 378, 379, 380, 381, 384, 385, 386]",763,writing_tweets_write_tweet_twitter,767,toshi_discusses_argues_post_article,1.6842774263416271
768,openai_parameters_chatgpt_api_is,"[0, 1, 5, 6, 7, 9, 10, 13, 14, 17, 18, 23, 26, 27, 32, 33, 35, 37, 41, 44, 45, 46, 47, 49, 51, 55, 58, 60, 61, 63, 64, 66, 69, 75, 76, 77, 82, 85, 87, 88, 91, 92, 94, 96, 97, 106, 108, 113, 119, 123, 125, 126, 127, 130, 141, 142, 150, 152, 156, 157, 163, 171, 174, 175, 181, 185, 186, 187, 190, 194, 195, 205, 208, 213, 219, 221, 222, 226, 231, 234, 238, 241, 248, 250, 253, 257, 259, 262, 263, 264, 272, 276, 281, 289, 302, 305, 306, 308, 310, 314, 318, 345, 357, 362, 365, 369, 382, 383]",766,parameters_billion_175_trillion_llms,764,openai_api_chatgpt_ai_is,1.6670008153020268
767,toshi_discusses_argues_post_article,"[3, 8, 12, 15, 19, 21, 22, 28, 30, 31, 34, 43, 48, 50, 52, 54, 57, 59, 65, 67, 68, 72, 73, 78, 80, 81, 89, 90, 98, 101, 102, 103, 104, 105, 107, 111, 112, 115, 116, 117, 118, 120, 124, 128, 129, 132, 133, 134, 135, 136, 137, 138, 140, 143, 145, 147, 151, 153, 154, 155, 158, 161, 162, 164, 165, 166, 168, 169, 170, 172, 173, 176, 177, 179, 180, 183, 184, 188, 189, 191, 192, 193, 197, 198, 199, 201, 202, 203, 204, 206, 207, 209, 210, 211, 212, 214, 215, 216, 223, 224, 225, 227, 229, 233, 235, 236, 237, 239, 240, 242, 243, 244, 245, 247, 249, 252, 255, 256, 260, 261, 265, 266, 267, 268, 270, 271, 273, 274, 275, 277, 278, 279, 280, 282, 283, 284, 285, 287, 288, 290, 291, 295, 296, 297, 298, 299, 300, 301, 303, 304, 309, 312, 315, 316, 317, 320, 322, 323, 324, 325, 326, 327, 329, 330, 331, 334, 335, 336, 337, 338, 339, 341, 343, 344, 347, 348, 350, 351, 352, 353, 354, 355, 356, 359, 360, 363, 364, 367, 368, 370, 373, 374, 375, 376, 377, 378, 379, 381, 384, 385, 386]",765,toshi_with_teams_trading_siri,667,discusses_argues_post_author_article,1.62717149627115
766,parameters_billion_175_trillion_llms,"[7, 9, 14, 18, 27, 35, 46, 47, 55, 60, 63, 76, 77, 82, 85, 91, 94, 96, 119, 141, 157, 163, 171, 174, 181, 185, 190, 194, 195, 213, 222, 241, 250, 253, 257, 259, 272, 276, 281, 302, 305, 306, 308, 310, 314, 318, 357, 362, 365, 382]",458,parameters_trillion_175_billion_100,758,llms_models_language_large_llm,1.5515295857081073
765,toshi_with_teams_trading_siri,"[8, 15, 19, 21, 22, 28, 30, 31, 34, 43, 48, 52, 57, 59, 65, 67, 68, 72, 73, 78, 80, 89, 90, 98, 101, 102, 103, 104, 105, 107, 111, 112, 115, 116, 117, 118, 120, 124, 128, 129, 132, 133, 134, 135, 136, 137, 138, 140, 143, 145, 147, 151, 153, 154, 155, 158, 161, 164, 165, 166, 168, 169, 170, 172, 173, 176, 177, 179, 180, 183, 184, 188, 189, 191, 192, 193, 197, 198, 201, 202, 203, 204, 206, 207, 209, 210, 211, 212, 214, 215, 216, 223, 224, 225, 227, 229, 233, 235, 236, 237, 239, 240, 242, 243, 244, 245, 247, 249, 252, 255, 256, 260, 261, 265, 266, 267, 268, 270, 271, 273, 274, 275, 277, 278, 279, 280, 282, 283, 284, 285, 287, 288, 290, 291, 295, 296, 297, 298, 299, 300, 301, 303, 304, 309, 312, 315, 316, 317, 320, 322, 323, 324, 325, 326, 327, 329, 330, 331, 334, 335, 336, 337, 338, 339, 341, 343, 344, 347, 348, 350, 351, 352, 353, 354, 355, 356, 359, 360, 363, 364, 367, 368, 370, 373, 374, 375, 376, 377, 378, 379, 381, 384, 385, 386]",761,toshi_trading_siri_teams_premium,754,months_took_health_alzheimer_me,1.5290589432243165
764,openai_api_chatgpt_ai_is,"[0, 1, 5, 6, 10, 13, 17, 23, 26, 32, 33, 37, 41, 44, 45, 49, 51, 58, 61, 64, 66, 69, 75, 87, 88, 92, 97, 106, 108, 113, 123, 125, 126, 127, 130, 142, 150, 152, 156, 175, 186, 187, 205, 208, 219, 221, 226, 231, 234, 238, 248, 262, 263, 264, 289, 345, 369, 383]",745,openai_api_chatgpt_ai_you,762,azure_davinci_003_service_per,1.4720310697147758
763,writing_tweets_write_tweet_twitter,"[2, 4, 20, 24, 25, 29, 38, 40, 42, 53, 62, 74, 79, 83, 86, 93, 95, 110, 121, 122, 139, 144, 146, 148, 149, 159, 160, 167, 182, 196, 200, 217, 218, 228, 230, 232, 246, 251, 254, 258, 292, 293, 311, 313, 321, 332, 340, 342, 361, 366, 371, 372, 380]",523,tweets_tweet_twitter_elon_account,760,writing_write_essay_students_email,1.4374364270666877
762,azure_davinci_003_service_per,"[32, 33, 37, 49, 69, 87, 113, 175, 205, 208, 219, 221, 238, 248, 262, 289, 345, 369, 383]",749,davinci_003_002_difference_between,757,azure_service_per_month_pay,1.4343441038323748
761,toshi_trading_siri_teams_premium,"[8, 19, 28, 48, 52, 67, 68, 90, 104, 105, 124, 133, 136, 138, 154, 165, 173, 180, 188, 204, 206, 210, 212, 216, 223, 224, 225, 236, 240, 242, 260, 261, 265, 270, 271, 274, 275, 279, 282, 288, 291, 295, 296, 298, 309, 315, 323, 324, 325, 327, 330, 331, 335, 337, 348, 354, 355, 363, 364, 367, 373, 376, 378, 385]",487,teams_premium_meeting_microsoft_meetings,756,toshi_trading_siri_wallet_tracking,1.4038216976307176
760,writing_write_essay_students_email,"[2, 20, 24, 25, 29, 38, 40, 42, 53, 62, 74, 79, 83, 86, 93, 95, 110, 121, 122, 139, 144, 146, 148, 149, 160, 167, 182, 196, 217, 228, 230, 232, 246, 251, 254, 258, 292, 293, 311, 313, 321, 332, 340, 342, 366, 371, 372, 380]",744,writing_essay_students_write_email,656,chatbot_chatbots_builder_bot_messengers,1.3927213750232474
759,search_google_bing_engine_seo,"[11, 16, 39, 70, 220, 269, 319, 328, 346, 358]",711,search_google_bing_engine_information,429,seo_content_seos_urls_search,1.378363455755726
758,llms_models_language_large_llm,"[7, 9, 18, 27, 35, 46, 47, 63, 77, 82, 85, 91, 94, 96, 119, 141, 157, 163, 171, 174, 181, 185, 194, 195, 213, 222, 241, 250, 253, 257, 259, 272, 276, 281, 302, 305, 306, 308, 310, 314, 318, 357, 362, 365, 382]",731,language_large_models_billion_model,746,llms_prompt_llm_fine_tuning,1.3738136994068162
757,azure_service_per_month_pay,"[33, 49, 69, 208, 262, 345]",388,azure_service_codex_dall_availability,506,per_month_pay_42_pricing,1.3386219406126354
756,toshi_trading_siri_wallet_tracking,"[8, 19, 48, 52, 67, 68, 90, 104, 105, 124, 133, 136, 138, 154, 165, 173, 180, 188, 204, 206, 210, 212, 216, 223, 224, 225, 236, 240, 242, 260, 261, 265, 270, 271, 274, 275, 279, 282, 288, 295, 296, 298, 309, 315, 323, 324, 325, 327, 330, 331, 335, 337, 348, 354, 355, 363, 364, 367, 376, 378, 385]",750,extension_hn_commit_vscode_show,755,toshi_trading_siri_wallet_tracking,1.3241283338138439
755,toshi_trading_siri_wallet_tracking,"[8, 19, 48, 52, 67, 68, 104, 105, 124, 133, 138, 154, 165, 173, 188, 206, 212, 216, 223, 224, 225, 236, 240, 242, 260, 261, 270, 271, 274, 275, 279, 282, 288, 295, 296, 298, 315, 323, 324, 325, 330, 331, 335, 337, 348, 354, 355, 363, 364, 367, 376, 385]",661,toshi_trading_wallet_tracking_analytics,753,siri_copilot_bard_ghostwriter_whatsapp,1.3052912806510624
754,months_took_health_alzheimer_me,"[15, 21, 22, 30, 31, 34, 43, 57, 59, 65, 72, 73, 78, 80, 89, 98, 101, 102, 103, 107, 111, 112, 115, 116, 117, 118, 120, 128, 129, 132, 134, 135, 137, 140, 143, 145, 147, 151, 153, 155, 158, 161, 164, 166, 168, 169, 170, 172, 176, 177, 179, 183, 184, 189, 191, 192, 193, 197, 198, 201, 202, 203, 207, 209, 211, 214, 215, 227, 229, 233, 235, 237, 239, 243, 244, 245, 247, 249, 252, 255, 256, 266, 267, 268, 273, 277, 278, 280, 283, 284, 285, 287, 290, 297, 299, 300, 301, 303, 304, 312, 316, 317, 320, 322, 326, 329, 334, 336, 338, 339, 341, 343, 344, 347, 350, 351, 352, 353, 356, 359, 360, 368, 370, 374, 375, 377, 379, 381, 384, 386]",752,health_took_months_alzheimer_legal,741,rhyming_poetry_lyrics_poem_seinfeld,1.3024154131459589
753,siri_copilot_bard_ghostwriter_whatsapp,"[19, 48, 52, 68, 105, 124, 133, 138, 154, 165, 173, 188, 206, 212, 216, 223, 224, 225, 236, 240, 242, 260, 261, 270, 271, 274, 275, 279, 282, 288, 295, 296, 298, 315, 323, 324, 330, 331, 335, 337, 348, 354, 355, 363, 364, 367, 376, 385]",742,siri_copilot_bard_ghostwriter_whisper,615,whatsapp_assistants_voiceflow_god_27670112639,1.276190598305934
752,health_took_months_alzheimer_legal,"[15, 22, 30, 31, 34, 43, 59, 72, 89, 98, 101, 103, 111, 115, 116, 120, 128, 132, 134, 145, 151, 153, 158, 161, 164, 168, 172, 176, 184, 191, 197, 198, 201, 211, 214, 235, 239, 243, 244, 245, 252, 267, 277, 280, 283, 284, 285, 299, 312, 317, 320, 322, 326, 329, 336, 341, 343, 344, 347, 350, 352, 353, 356, 359, 368, 381, 384]",747,months_took_alzheimer_legal_exam,391,mental_health_therapy_support_koko,1.2498753702249843
751,language_natural_chatbot_developed_processing,"[36, 56, 71, 84, 99, 100, 109, 114, 131, 178, 286, 294, 307, 333, 349]",422,family_november_supervised_launched_reinforcement,715,language_natural_processing_developed_text,1.242360764565545
750,extension_hn_commit_vscode_show,"[90, 136, 180, 204, 210, 265, 309, 327, 378]",584,extension_vscode_chrome_codegpt_cycles,748,hn_commit_show_advent_comments,1.2422688689475359
749,davinci_003_002_difference_between,"[32, 37, 87, 113, 175, 205, 219, 221, 238, 248, 289, 369, 383]",456,davinci_003_002_text_curie,724,difference_between_chatgpt_gpt3_differences,1.2399516471571608
748,hn_commit_show_advent_comments,"[180, 204, 210, 265, 309, 327]",675,hn_commit_show_anki_comments,425,advent_placing_puzzles_code_solve,1.2355322893774099
747,months_took_alzheimer_legal_exam,"[15, 22, 31, 34, 43, 59, 89, 98, 101, 103, 111, 115, 116, 120, 128, 132, 134, 145, 151, 153, 158, 161, 164, 168, 172, 176, 184, 191, 197, 198, 201, 211, 214, 235, 239, 243, 244, 245, 252, 267, 277, 280, 283, 284, 285, 299, 312, 317, 320, 322, 326, 329, 336, 341, 343, 344, 347, 350, 352, 353, 356, 359, 368, 381, 384]",737,tabnine_craiyon_mdm_codegeex_get3d,743,months_took_alzheimer_legal_exam,1.2246668597502568
746,llms_prompt_llm_fine_tuning,"[7, 9, 27, 35, 63, 82, 85, 91, 94, 96, 119, 157, 163, 171, 174, 185, 195, 213, 222, 241, 253, 257, 259, 272, 276, 281, 302, 306, 314, 318, 357, 362]",734,llms_prompt_llm_fine_tuning,733,flan_t5_tokens_token_limit,1.2161824602043068
745,openai_api_chatgpt_ai_you,"[0, 1, 5, 6, 10, 13, 17, 23, 26, 41, 44, 45, 51, 58, 61, 64, 66, 75, 88, 92, 97, 106, 108, 123, 125, 126, 127, 130, 142, 150, 152, 156, 186, 187, 226, 231, 234, 263, 264]",678,chat_chatgpt_use_do_you,735,openai_api_ai_will_is,1.1908734615871086
744,writing_essay_students_write_email,"[2, 20, 24, 25, 29, 38, 40, 53, 62, 74, 79, 83, 86, 93, 110, 121, 122, 139, 148, 149, 160, 167, 182, 196, 228, 232, 246, 251, 258, 292, 313, 321, 340, 342, 372, 380]",738,writing_students_email_write_sheets,697,diffusion_stable_art_image_draw,1.1797469103177578
743,months_took_alzheimer_legal_exam,"[15, 22, 31, 34, 89, 98, 101, 103, 115, 116, 120, 128, 132, 145, 151, 153, 158, 161, 164, 168, 172, 176, 184, 191, 198, 201, 214, 235, 239, 243, 244, 252, 267, 280, 283, 284, 285, 299, 312, 317, 320, 329, 341, 343, 344, 347, 350, 352, 353, 356, 359, 368, 381, 384]",739,alzheimer_legal_exam_convo_literally,732,months_took_cover_job_letter,1.174533211218763
742,siri_copilot_bard_ghostwriter_whisper,"[19, 48, 52, 68, 105, 124, 133, 138, 154, 173, 188, 206, 212, 216, 223, 224, 225, 236, 240, 242, 260, 261, 270, 271, 274, 275, 282, 288, 295, 296, 298, 315, 323, 324, 330, 335, 337, 348, 354, 355, 363, 364, 367, 376, 385]",740,bard_droid_3po_granola_rss,728,siri_copilot_ghostwriter_whisper_slides,1.1700174667736567
741,rhyming_poetry_lyrics_poem_seinfeld,"[21, 57, 65, 73, 78, 80, 102, 107, 112, 117, 118, 129, 135, 137, 140, 143, 147, 155, 166, 169, 170, 177, 179, 183, 189, 192, 193, 202, 203, 207, 209, 215, 227, 229, 233, 237, 247, 249, 255, 256, 266, 268, 273, 278, 287, 290, 297, 300, 301, 303, 304, 316, 334, 338, 339, 351, 360, 370, 374, 375, 377, 379, 386]",722,math_it_were_what_ask,736,rhyming_poetry_lyrics_poem_seinfeld,1.1687779753394028
740,bard_droid_3po_granola_rss,"[48, 105, 124, 133, 154, 173, 206, 212, 223, 224, 225, 236, 242, 260, 261, 270, 274, 275, 282, 288, 295, 298, 315, 323, 324, 330, 337, 348, 354, 355, 363, 364, 367, 376, 385]",730,bard_droid_3po_granola_rss,604,nft_completing_summarization_embedded_contract,1.157602214336826
739,alzheimer_legal_exam_convo_literally,"[15, 22, 31, 34, 116, 128, 151, 158, 164, 172, 176, 184, 191, 243, 280, 283, 284, 285, 329, 343, 344, 347, 352, 353, 368, 384]",670,bot_community_contextual_learns_leave,725,alzheimer_legal_exam_convo_cc,1.1521574638796888
738,writing_students_email_write_sheets,"[2, 24, 25, 29, 38, 40, 53, 74, 79, 83, 86, 93, 110, 121, 122, 149, 160, 167, 182, 196, 232, 251, 258, 292, 313, 321]",726,writing_students_essay_write_essays,701,email_sheets_emails_excel_summary,1.1516914416725574
737,tabnine_craiyon_mdm_codegeex_get3d,"[43, 59, 111, 134, 197, 211, 245, 277, 322, 326, 336]",716,tabnine_craiyon_mdm_codegeex_dreamfusion,426,writer_localhost_shoutout_lemme_frontend,1.1445214065710942
736,rhyming_poetry_lyrics_poem_seinfeld,"[21, 57, 73, 80, 107, 112, 117, 118, 147, 155, 170, 183, 193, 203, 207, 215, 229, 249, 255, 256, 266, 268, 290, 301, 303, 304, 334, 339, 374, 375, 379, 386]",543,rhyming_poetry_lyrics_poem_upgrades,719,seinfeld_jasper_sitcom_her_twitch,1.1345979503859662
735,openai_api_ai_will_is,"[0, 1, 5, 6, 10, 13, 23, 26, 41, 51, 64, 88, 108, 126]",432,api_chatgpt_apis_sms_access,524,openai_ai_api_will_is,1.1313975777470378
734,llms_prompt_llm_fine_tuning,"[7, 9, 27, 35, 63, 82, 85, 91, 94, 119, 157, 163, 171, 185, 195, 213, 222, 241, 253, 257, 259, 272, 306, 318, 357]",609,prompt_prompts_agi_injection_engineering,729,llms_llm_fine_tuning_training,1.1229639628399688
733,flan_t5_tokens_token_limit,"[96, 174, 276, 281, 302, 314, 362]",637,tokens_token_limit_larger_palm,449,flan_t5_3b_11b_tuning,1.1196039759982186
732,months_took_cover_job_letter,"[89, 98, 101, 103, 115, 120, 132, 145, 153, 161, 168, 198, 201, 214, 235, 239, 244, 252, 267, 299, 312, 317, 320, 341, 350, 356, 359, 381]",674,months_took_netflix_million_instagram,718,cover_letter_job_resume_linkedin,1.1075638230731413
731,language_large_models_billion_model,"[18, 46, 47, 77, 141, 181, 194, 250, 305, 308, 310, 365, 382]",597,language_large_models_model_billion,669,languages_translate_english_words_transformer,1.0980601704900452
730,bard_droid_3po_granola_rss,"[48, 105, 124, 133, 154, 173, 206, 212, 223, 224, 225, 260, 261, 270, 274, 275, 282, 288, 295, 298, 315, 323, 324, 330, 337, 348, 354, 363, 364, 367, 376, 385]",727,bard_droid_3po_granola_rss,713,json_notion_regex_slack_graphs,1.0965419277436939
729,llms_llm_fine_tuning_training,"[7, 9, 27, 63, 85, 91, 119, 157, 163, 171, 185, 195, 213, 222, 241, 253, 257, 259, 272, 306, 318]",695,llms_llm_fine_tuning_training,709,analogical_reasoning_iq_analogy_humans,1.089845969908008
728,siri_copilot_ghostwriter_whisper_slides,"[19, 52, 68, 138, 188, 216, 240, 271, 296, 335]",677,keyboard_iphone_app_ios_moment,704,siri_copilot_ghostwriter_whisper_slides,1.0860365905610678
727,bard_droid_3po_granola_rss,"[48, 124, 133, 173, 206, 212, 223, 224, 225, 260, 270, 274, 275, 282, 288, 295, 298, 315, 323, 324, 330, 363, 364, 376]",556,exploring_unofficial_deepfakes_purpose_impacts,723,bard_droid_3po_granola_rss,1.085394197343151
726,writing_students_essay_write_essays,"[2, 24, 29, 40, 53, 93, 110, 121, 122, 167, 196, 232, 251, 292, 313]",646,students_essay_writing_write_teachers,700,3s_writing_ship_assistant_connect,1.084148966835754
725,alzheimer_legal_exam_convo_cc,"[15, 22, 31, 34, 128, 151, 158, 172, 176, 184, 191, 243, 280, 283, 284, 329, 343, 344, 347, 353, 368]",721,legal_convo_okay_talk_amount,712,alzheimer_disease_speech_dementia_early,1.0841111556323253
724,difference_between_chatgpt_gpt3_differences,"[32, 113, 175, 219, 221, 238, 248, 289, 383]",583,trademarked_gpt3_regular_not_003,650,difference_between_chatgpt_differences_vs,1.08325776795587
723,bard_droid_3po_granola_rss,"[48, 124, 133, 173, 206, 212, 223, 224, 225, 260, 270, 274, 275, 282, 288, 295, 298, 315, 330, 363, 364, 376]",720,bard_droid_3po_granola_rss,642,journal_ever_journaling_best_ve,1.0796282732607527
722,math_it_were_what_ask,"[65, 78, 102, 129, 135, 137, 140, 143, 166, 169, 177, 179, 189, 192, 202, 209, 227, 233, 237, 247, 273, 278, 287, 297, 300, 316, 338, 351, 360, 370, 377]",710,were_what_it_ask_doesn,596,math_calculations_arithmetic_wrong_gets,1.0776090805746283
721,legal_convo_okay_talk_amount,"[15, 31, 128, 151, 158, 176, 184, 243, 280, 284, 329, 343, 344, 347, 353, 368]",691,convo_okay_amount_cc_literally,694,legal_exam_bar_lawyers_contracts,1.0728565459989536
720,bard_droid_3po_granola_rss,"[48, 124, 133, 173, 206, 212, 224, 225, 260, 270, 274, 275, 282, 288, 298, 315, 330, 364, 376]",717,bard_droid_3po_granola_rss,708,dreams_resolutions_dream_personalized_vegan,1.0710204499760658
719,seinfeld_jasper_sitcom_her_twitch,"[57, 107, 112, 117, 118, 147, 155, 170, 183, 193, 203, 207, 215, 229, 249, 255, 256, 266, 268, 290, 301, 303, 304, 334, 339, 374, 375, 379, 386]",714,jasper_her_moat_childhood_artist,702,seinfeld_sitcom_twitch_rap_forever,1.0623579040309519
718,cover_letter_job_resume_linkedin,"[89, 98, 101, 115, 132, 145, 161, 168, 198, 201, 214, 235, 239, 244, 252, 267, 299, 312, 317, 320, 341, 350, 359, 381]",705,cover_letter_job_resume_linkedin,660,game_players_okrs_alphastar_soul,1.0611148283077472
717,bard_droid_3po_granola_rss,"[48, 124, 133, 206, 212, 224, 225, 260, 275, 298, 330, 364, 376]",707,bard_droid_3po_granola_rss,657,watts_energy_toaster_analog_mwh,1.0530692071818164
716,tabnine_craiyon_mdm_codegeex_dreamfusion,"[43, 59, 111, 134, 211, 245, 322, 326, 336]",685,tabnine_craiyon_mdm_codegeex_get3d,594,playbook_architecture_build_guide_product,1.048894903599138
715,language_natural_processing_developed_text,"[36, 56, 71, 84, 99, 114, 131, 178, 286, 307, 333]",454,chatbot_language_developed_model_conversational,437,natural_language_processing_text_nlp,1.0456986128952144
714,jasper_her_moat_childhood_artist,"[155, 183, 255, 256, 266, 290, 339, 374, 375]",706,jasper_moat_clubhouse_podcasts_slower,631,her_childhood_artist_diary_herself,1.0397020924383125
713,json_notion_regex_slack_graphs,"[105, 154, 261, 337, 348, 354, 367, 385]",688,json_graphs_unstructured_graphgpt_knowledge,699,notion_regex_slack_ukraine_russia,1.039027267859034
712,alzheimer_disease_speech_dementia_early,"[22, 34, 172, 191, 283]",464,mba_wharton_exam_school_professor,638,alzheimer_disease_speech_dementia_early,1.038513272454869
711,search_google_bing_engine_information,"[11, 16, 39, 220, 319, 328, 346]",412,bing_microsoft_search_event_engine,494,search_google_engine_information_feedback,1.036286108319408
710,were_what_it_ask_doesn,"[65, 78, 102, 129, 135, 137, 140, 143, 166, 169, 177, 179, 202, 209, 227, 233, 237, 247, 278, 287, 297, 300, 316, 338, 360, 377]",698,were_it_what_doesn_they,666,object_walks_plotting_visions_md5,1.0351273251732567
709,analogical_reasoning_iq_analogy_humans,"[63, 91, 157, 185, 195, 222, 318]",571,bias_political_racist_biased_gender,574,analogical_reasoning_analogy_iq_test,1.0346803089854162
708,dreams_resolutions_dream_personalized_vegan,"[173, 270, 274, 282, 288, 315]",620,dreams_dream_interpret_dreaming_symbols,679,resolutions_personalized_vegan_year_nutrition,1.0340207792592573
707,bard_droid_3po_granola_rss,"[48, 124, 133, 206, 212, 224, 225, 275, 298, 364]",635,daily_neuralink_auto_term_download,703,bard_droid_3po_granola_rss,1.0336507097756213
706,jasper_moat_clubhouse_podcasts_slower,"[183, 255, 290, 339, 374, 375]",610,podcasts_slower_limit_rate_issues,687,jasper_moat_clubhouse_fossil_ui,1.0311427959070858
705,cover_letter_job_resume_linkedin,"[89, 98, 101, 115, 132, 145, 161, 168, 198, 201, 214, 235, 239, 244, 267, 317, 320, 341, 359, 381]",693,cover_letter_resume_linkedin_job,643,jobs_job_programmers_developers_work,1.0306206089823593
704,siri_copilot_ghostwriter_whisper_slides,"[19, 52, 68, 138, 271, 335]",542,siri_voice_assistant_alexa_smart,653,copilot_ghostwriter_slides_runway_replit,1.029303777956398
703,bard_droid_3po_granola_rss,"[48, 124, 133, 206, 212, 224, 275, 298]",624,bard_google_anthropic_rival_announces,696,droid_3po_granola_rss_ramsey,1.028873263724012
702,seinfeld_sitcom_twitch_rap_forever,"[57, 107, 112, 117, 118, 147, 170, 193, 203, 207, 215, 229, 249, 268, 301, 303, 304, 334, 379, 386]",690,gpt_me_been_wow_really,692,seinfeld_sitcom_twitch_rap_forever,1.0282333885344668
701,email_sheets_emails_excel_summary,"[25, 38, 74, 79, 83, 86, 149, 160, 182, 258, 321]",676,email_emails_phishing_copy_reply,648,sheets_excel_youtube_video_formulas,1.0269160959053265
700,3s_writing_ship_assistant_connect,"[93, 121, 232, 251, 313]",510,3s_ship_assistant_writing_connect,450,green_lines_story_generated_cc,1.0197920808306238
699,notion_regex_slack_ukraine_russia,"[105, 348, 354, 367]",534,notion_regex_ukraine_russia_sibling,564,slack_albus_enrichment_qualify_sign,1.01975934770602
698,were_it_what_doesn_they,"[65, 78, 102, 135, 137, 140, 143, 166, 169, 177, 179, 209, 227, 233, 237, 247, 297, 300, 316, 338, 360, 377]",689,joke_jokes_humor_funny_scheire,683,were_doesn_consent_what_facts,1.0177018689839297
697,diffusion_stable_art_image_draw,"[20, 62, 139, 148, 228, 246, 340, 342, 372, 380]",658,text_generate_sentence_sanskrit_natural,539,diffusion_stable_art_image_draw,1.0133170518034345
696,droid_3po_granola_rss_ramsey,"[124, 133, 206, 212, 224, 298]",663,granola_rss_ramsey_digested_elbasheer,684,droid_3po_ghidra_protocol_reverse,1.012557087825758
695,llms_llm_fine_tuning_training,"[7, 9, 27, 85, 119, 163, 171, 213, 241, 253, 257, 259, 272, 306]",421,llms_llm_source_are_output,686,fine_tuning_training_data_trained,1.011282731695005
694,legal_exam_bar_lawyers_contracts,"[15, 128, 151, 158, 184, 243, 280, 329, 343, 347, 353, 368]",682,legal_exam_bar_lawyers_contracts,468,comcast_bill_advisory_donotpay_episode,1.0098721421731018
693,cover_letter_resume_linkedin_job,"[89, 98, 101, 132, 145, 198, 201, 235, 239, 244, 267, 320, 381]",668,cover_letter_resume_linkedin_job,649,customer_automated_preferences_industries_used,1.0096741184329425
692,seinfeld_sitcom_twitch_rap_forever,"[107, 170, 215, 379]",573,rap_battle_wassie_battaglia_mike,654,seinfeld_sitcom_twitch_forever_show,1.0080959436813601
691,convo_okay_amount_cc_literally,"[31, 176, 284, 344]",550,books_recommended_book_five_best,570,convo_okay_amount_literally_cc,1.0069993628753897
690,gpt_me_been_wow_really,"[57, 112, 117, 118, 147, 193, 203, 207, 229, 249, 268, 301, 303, 304, 334, 386]",672,girdley_beer_galaxy_gods_bed,680,wow_gpt_fun_been_let,1.0062398015014007
689,joke_jokes_humor_funny_scheire,"[65, 227, 237, 297, 360, 377]",662,heidegger_crappy_synthetic_garfield_subtype,479,joke_jokes_humor_funny_scheire,1.0057432418652967
688,json_graphs_unstructured_graphgpt_knowledge,"[154, 261, 337, 385]",553,json_schema_query_return_result,652,graphs_graphgpt_unstructured_extrapolating_knowledge,1.0057206993417904
687,jasper_moat_clubhouse_fossil_ui,"[183, 255, 290, 339]",602,moat_competing_omg_touch_decompose,593,jasper_clubhouse_fossil_ui_uses,1.0050743484158573
686,fine_tuning_training_data_trained,"[7, 27, 85, 119, 163, 171, 213, 241, 253, 257, 259, 306]",555,fine_tuning_training_model_tune,665,wolframalpha_wolfram_unsupervised_alpha_supervised,1.0037543156491366
685,tabnine_craiyon_mdm_codegeex_get3d,"[111, 134, 245, 322, 326]",481,craiyon_mdm_tabnine_codegeex_get3d,582,source_intersections_closest_b2c_isnt,1.00244527055141
684,droid_3po_ghidra_protocol_reverse,"[133, 206, 212, 298]",681,signals_writemyprd_price_prds_seconds,133,droid_3po_ghidra_protocol_reverse,1.00166776011557
683,were_doesn_consent_what_facts,"[78, 102, 135, 137, 140, 143, 166, 169, 177, 179, 209, 233, 247, 300, 316, 338]",659,facts_untruths_scientific_plausible_information,621,consent_were_paired_he_doesn,1.0007969026711314
682,legal_exam_bar_lawyers_contracts,"[15, 151, 158, 184, 243, 280, 329, 343, 347, 368]",636,podcast_episode_transcripts_talk_listen,673,legal_exam_bar_lawyers_contracts,1.0000696646018041
681,signals_writemyprd_price_prds_seconds,"[206, 212, 298]",206,signals_price_seconds_agix_15,671,writemyprd_prds_prd_makelog_changelog,0.9974164927392439
680,wow_gpt_fun_been_let,"[57, 112, 117, 193, 203, 207, 229, 268, 303, 304, 386]",664,wow_fun_playing_problem_principle,651,fans_car_playground_ooo_calling,0.9971076701743075
679,resolutions_personalized_vegan_year_nutrition,"[270, 274, 288, 315]",563,buzzfeed_bullish_stocks_financial_personalized,644,resolutions_vegan_nutrition_year_meal,0.9947092215571867
678,chat_chatgpt_use_do_you,"[17, 44, 45, 58, 61, 66, 75, 92, 97, 106, 123, 125, 127, 130, 142, 150, 152, 156, 186, 187, 226, 231, 234, 263, 264]",655,chatgpt_jailbreak_so_what_explain,647,chat_chatgpt_do_ask_but,0.9925226903744313
677,keyboard_iphone_app_ios_moment,"[188, 216, 240, 296]",548,app_store_scam_iap_affiliated,538,keyboard_iphone_moment_ios_casper,0.9917503624504999
676,email_emails_phishing_copy_reply,"[25, 79, 83, 86, 149, 160, 321]",544,copywriting_copy_posts_content_sentiment,489,email_emails_phishing_reply_ellie,0.9863687698593048
675,hn_commit_show_anki_comments,"[180, 204, 210, 309]",406,hn_show_shell_turning_books,641,commit_anki_gptcommit_messages_message,0.9862641228034689
674,months_took_netflix_million_instagram,"[103, 120, 153, 356]",527,took_months_netflix_instagram_facebook,467,money_affiliate_marketing_business_chat,0.9859660634586318
673,legal_exam_bar_lawyers_contracts,"[15, 184, 280, 329, 343, 368]",640,legal_exam_bar_lawyers_contracts,607,kdp_infancy_dramatron_liked_dec,0.9848432616356986
672,girdley_beer_galaxy_gods_bed,"[118, 147, 249, 301, 334]",629,girdley_bidets_woman_corruption_transaction,598,beer_galaxy_bed_fictitious_andromeda,0.9841406953861882
671,writemyprd_prds_prd_makelog_changelog,"[212, 298]",212,writemyprd_prds_prd_breeze_product,298,makelog_changelog_autogenerate_logseq_changelogs,0.9811445775476928
670,bot_community_contextual_learns_leave,"[116, 164, 285, 352, 384]",632,community_bot_contextual_learns_leave,484,bot_bots_sysadmin_am_re,0.9797575652883773
669,languages_translate_english_words_transformer,"[47, 77, 181, 305, 310, 365]",536,languages_english_translate_transformer_translation,557,words_webtext_million_lifetimes_webtext2,0.9794005563020225
668,cover_letter_resume_linkedin_job,"[89, 198, 201, 235, 320, 381]",633,minutes_custom_builder_no_code,623,cover_letter_resume_linkedin_job,0.9758744690692868
667,discusses_argues_post_author_article,"[3, 12, 50, 54, 81, 162, 199]",575,altruism_covid_lesswrong_19_effective,502,argues_discusses_post_author_article,0.9755854532536868
666,object_walks_plotting_visions_md5,"[129, 202, 278, 287]",531,visions_md5_magic_hash_album,634,plotting_guru_enjoys_obfuscator_scariness,0.9752842235557557
665,wolframalpha_wolfram_unsupervised_alpha_supervised,"[85, 171, 257, 259, 306]",589,reinforcement_annoying_chatgpt_learning_chief,532,wolframalpha_unsupervised_wolfram_alpha_langc,0.9748298008376183
664,wow_fun_playing_problem_principle,"[57, 117, 193, 203, 303, 304]",645,wow_fun_playing_principle_lolol,619,contentfarm_creature_rabbit_hole_trivial,0.9746501588980913
663,granola_rss_ramsey_digested_elbasheer,"[124, 224]",124,granola_rss_ramsey_digested_elbasheer,224,prep_transform_plain_inputs_english,0.9731728985429562
662,heidegger_crappy_synthetic_garfield_subtype,"[227, 237, 297, 377]",630,crappy_synthetic_garfield_heidegger_rpm,567,bullsh_subtype_appear_understood_attempt,0.9729765984618385
661,toshi_trading_wallet_tracking_analytics,"[8, 67, 104, 325]",67,dex_leverage_trade_metatrader_1000x,561,toshi_wallet_trading_tracking_analytics,0.9727328735576986
660,game_players_okrs_alphastar_soul,"[252, 299, 312, 350]",512,players_game_alphastar_soul_squid,628,okrs_lmss_steganography_products_cyberpunk,0.9678523953112442
659,facts_untruths_scientific_plausible_information,"[137, 166, 169, 179, 233, 247, 300, 316, 338]",626,facts_untruths_plausible_brilliant_credible,580,scientific_questions_honour_envisioned_gives,0.9675789275140104
658,text_generate_sentence_sanskrit_natural,"[148, 228, 246, 340, 372, 380]",611,sentence_sanskrit_natural_text_sentences,545,tensorflow_text_generate_completion_photos,0.9647471992743099
657,watts_energy_toaster_analog_mwh,"[260, 330, 376]",627,energy_mwh_936_consumed_households,330,toaster_watts_analog_marrying_mortal,0.9642845496242705
656,chatbot_chatbots_builder_bot_messengers,"[42, 95, 144, 146, 217, 230, 254, 293, 311, 332, 366, 371]",616,chatbots_chatbot_builder_messengers_customer,608,chatbot_chat_respond_conversational_chatgpt,0.9636339267316477
655,chatgpt_jailbreak_so_what_explain,"[44, 61, 66, 75, 130, 156, 186, 263]",577,chatgpt_jailbreak_capacity_overloaded_explain,595,use_function_coolest_so_showing,0.9633070841889916
654,seinfeld_sitcom_twitch_forever_show,"[107, 379]",107,seinfeld_sitcom_twitch_forever_show,379,plato_sympathetic_liron_standard_stanley,0.963080908553086
653,copilot_ghostwriter_slides_runway_replit,"[52, 68, 138, 335]",617,copilot_slides_runway_ghostwriter_replit,138,typewriter_ghostwriter_sanjeev_old_arvind,0.9626854956058037
652,graphs_graphgpt_unstructured_extrapolating_knowledge,"[261, 385]",261,graphs_graphgpt_unstructured_extrapolating_knowledge,385,cpa_quizicist_aicpa_blueprints_pinky,0.9625073638032869
651,fans_car_playground_ooo_calling,"[112, 207, 229, 268, 386]",578,fans_quietly_missed_let_مبوراحة,639,car_playground_ooo_been_means,0.9615010693309584
650,difference_between_chatgpt_differences_vs,"[113, 175, 221, 238, 248]",503,cgpt_difference_chatgpt_torahgpt_satellite,436,difference_between_vs_differences_trips,0.9612129938676346
649,customer_automated_preferences_industries_used,"[98, 101, 132, 145, 239, 244, 267]",587,customer_automated_preferences_estate_behaviors,618,industries_memprompt_allen_technology_potential,0.9603418587176696
648,sheets_excel_youtube_video_formulas,"[38, 74, 182, 258]",552,sheets_excel_formulas_docket_spreadsheets,485,youtube_video_videos_summarize_transcripts,0.9588969445931612
647,chat_chatgpt_do_ask_but,"[17, 45, 58, 92, 97, 106, 123, 125, 127, 142, 150, 152, 187, 226, 231, 234, 264]",592,chat_chatgpt_use_do_you,625,stalin_billy_ean_engineering_mao,0.9588024149827794
646,students_essay_writing_write_teachers,"[2, 24, 29, 40, 53, 110, 122, 167, 196, 292]",568,students_essay_writing_write_essays,569,teachers_schools_threats_education_school,0.9575846254136893
645,wow_fun_playing_principle_lolol,"[57, 117, 303, 304]",303,principle_break_problem_instructions_descriptors,613,fun_playing_wow_having_late,0.9563523168426412
644,resolutions_vegan_nutrition_year_meal,"[274, 315]",315,vegan_nutrition_meal_diets_dietary,274,resolutions_year_predictions_hi_gtm,0.9557840908830392
643,jobs_job_programmers_developers_work,"[115, 161, 168, 214, 317, 341, 359]",622,jobs_explosion_omega_humanitarian_ap,585,job_jobs_programmers_developers_work,0.9543262462609117
642,journal_ever_journaling_best_ve,"[223, 295, 363]",572,journal_ever_best_ve_used,363,journaling_obesity_vitalities_yourself_exercise,0.9536429216028074
641,commit_anki_gptcommit_messages_message,"[180, 309]",309,anki_cards_comments_links_online,180,commit_gptcommit_messages_message_again,0.9528894347714904
640,legal_exam_bar_lawyers_contracts,"[15, 184, 280, 329]",600,legal_exam_bar_lawyers_contracts,507,sparrow_deepmind_fei_remarks_alexatm,0.9528128845095445
639,car_playground_ooo_been_means,"[207, 229, 386]",612,car_playground_ooo_indev_interm,386,airplanes_microwaves_grabbers_shuffle_advertisements,0.9523129082479427
638,alzheimer_disease_speech_dementia_early,"[22, 34, 283]",493,medical_pdf_patient_recipe_doctor,34,alzheimer_disease_speech_dementia_early,0.951184977860227
637,tokens_token_limit_larger_palm,"[96, 174, 276, 281, 314]",473,tokens_token_limit_4096_limitation,522,palm_larger_size_than_powerful,0.9511264197873472
636,podcast_episode_transcripts_talk_listen,"[151, 158, 243, 347]",605,chess_carve_robotics_coach_bat,514,podcast_episode_transcripts_listen_podcasts,0.9503513637471122
635,daily_neuralink_auto_term_download,"[225, 364]",364,neuralink_download_fixes_updates_weekday,225,daily_auto_term_python_neural,0.9495270725456871
634,plotting_guru_enjoys_obfuscator_scariness,"[278, 287]",287,obfuscator_racks_castrated_swerving_scheming,278,guru_landfill_argentinos_yee_ont,0.9473119340556154
633,minutes_custom_builder_no_code,"[198, 201, 320, 381]",606,doll_refutation_ian_beware_chats,535,minutes_custom_builder_code_no,0.9460052120189897
632,community_bot_contextual_learns_leave,"[164, 285, 352]",285,mev_eth_link_tl_bot,601,community_contextual_learns_leave_bot,0.9455642789309643
631,her_childhood_artist_diary_herself,"[155, 256, 266]",549,her_him_she_his_hair,266,childhood_artist_diary_herself_her,0.9447651543928236
630,crappy_synthetic_garfield_heidegger_rpm,"[237, 377]",377,synthetic_rpm_bars_peyote_datapoints,237,crappy_garfield_heidegger_refine_ministry,0.9425898403168889
629,girdley_bidets_woman_corruption_transaction,"[301, 334]",301,girdley_bidets_diy_falcon_200th,334,woman_corruption_man_deeply_configurable,0.9416697096191228
628,okrs_lmss_steganography_products_cyberpunk,"[312, 350]",350,peoples_npcs_wordpress_studio_cohesiveness,312,okrs_lmss_steganography_products_inventions,0.941393051282825
627,energy_mwh_936_consumed_households,"[260, 376]",376,embeddings_parallelization_intel_grow_deepspeed,260,energy_mwh_936_consumed_households,0.9411646420778816
626,facts_untruths_plausible_brilliant_credible,"[179, 247, 300, 316, 338]",614,untruths_plausible_virus_life_opposing,558,facts_mussolini_political_pinocchio_second,0.9408320139993455
625,stalin_billy_ean_engineering_mao,"[123, 231, 234, 264]",551,billy_ean_concerns_engineering_advertise,603,stalin_mao_ask_fans_wall,0.9394831246671167
624,bard_google_anthropic_rival_announces,"[48, 275]",275,anthropic_300_founded_invests_million,48,bard_google_rival_announces_competitor,0.9389619675234553
623,cover_letter_resume_linkedin_job,"[89, 235]",89,cover_letter_resume_job_generator,235,linkedin_dms_authentic_leads_snoozing,0.9370881773028172
622,jobs_explosion_omega_humanitarian_ap,"[214, 341, 359]",581,explosion_jobs_omega_ap_omg,359,humanitarian_metadata_revolutionizes_retreats_ghanaian,0.9370530791105418
621,consent_were_paired_he_doesn,"[78, 102, 135, 140, 143, 177, 209]",599,consent_paired_were_doesn_counter,591,tiny_speaks_arthur_wants_mem,0.9367607683501241
620,dreams_dream_interpret_dreaming_symbols,"[173, 282]",173,choke_mma_insane_fucking_rear,282,dreams_dream_interpret_dreaming_symbols,0.9366857603870449
619,contentfarm_creature_rabbit_hole_trivial,"[193, 203]",203,wife_saviour_telly_276_instructs,193,contentfarm_creature_trivial_zerg_protoss,0.9364492823483783
618,industries_memprompt_allen_technology_potential,"[98, 132, 145, 244, 267]",590,industries_memprompt_allen_potential_institute,244,imaginary_nr_untransparent_observability_heartwarming,0.9361377613357967
617,copilot_slides_runway_ghostwriter_replit,"[52, 68, 335]",335,columbus_christopher_quad_equation_2015,501,copilot_slides_runway_replit_extensions,0.9357633960864388
616,chatbots_chatbot_builder_messengers_customer,"[42, 144, 146, 366, 371]",371,susan_fantasies_hoot_snowy_upsets,525,chatbots_chatbot_builder_messengers_customer,0.9357052115650573
615,whatsapp_assistants_voiceflow_god_27670112639,"[165, 279, 331]",279,27670112639_za_admin_whatsapp_store,417,whatsapp_assistants_voiceflow_god_box,0.9356941424328484
614,untruths_plausible_virus_life_opposing,"[179, 300, 338]",579,untruths_plausible_virus_opposing_brilliant,300,truths_brian_scores_anonymize_auri,0.9346790859422914
613,fun_playing_wow_having_late,"[57, 117, 304]",521,fun_playing_wow_having_late,304,scorpion_outchea_dhsjsnsnd_earliest_frog,0.9345696872303249
612,car_playground_ooo_indev_interm,"[207, 229]",229,car_generationally_indev_nod_interm,207,playground_ooo_dangit_sabi_segalink,0.9329681058251326
611,sentence_sanskrit_natural_text_sentences,"[148, 340, 372]",372,autoencoder_wordtune_adversarial_paragraphs_meaningful,476,sentence_sanskrit_natural_text_greuter,0.9320948206264814
610,podcasts_slower_limit_rate_issues,"[374, 375]",374,justice_ff14_attenting_tribune_forbes,375,slower_podcasts_limit_rate_smarter,0.9303275393888066
609,prompt_prompts_agi_injection_engineering,"[35, 82, 94, 357]",357,secrets_spill_prompts_shawn_reengineer,459,prompt_prompts_agi_injection_marketplace,0.9290528851663012
608,chatbot_chat_respond_conversational_chatgpt,"[95, 217, 230, 254, 293, 311, 332]",533,chatbot_respond_chat_based_chatgpt,562,chatbot_conversation_cogent_snitchware_yannic,0.9277271172889822
607,kdp_infancy_dramatron_liked_dec,"[343, 368]",343,kdp_liked_dec_shortlyai_backpropagation,368,invoking_destroyed_muscle_gpt4_infancy,0.9274258110097956
606,doll_refutation_ian_beware_chats,"[320, 381]",381,ian_universities_redaction_anecdote_linguistically,320,doll_refutation_chats_cny_sceen,0.9268772670599601
605,chess_carve_robotics_coach_bat,"[243, 347]",243,carve_bat_accounts_lessons_hacked,347,chess_robotics_npc_coach_fen,0.9256526077067784
604,nft_completing_summarization_embedded_contract,"[236, 242, 355]",457,nft_completing_summarization_embedded_contract,242,wordcel_nft_smarter_categories_causal,0.9249582516131132
603,stalin_mao_ask_fans_wall,"[123, 264]",264,stalin_mao_fans_trump_finetune,123,wall_cars_ask_water_curved,0.9225862495536912
602,moat_competing_omg_touch_decompose,"[183, 339]",339,moat_competing_pytrends_decompose_aftercare,183,omg_touch_annihilates_pak_yon,0.9220090310570862
601,community_contextual_learns_leave_bot,"[164, 352]",352,telegram_bot_discord_24h_516,164,community_contextual_learns_leave_hi,0.918973478687392
600,legal_exam_bar_lawyers_contracts,"[15, 280]",280,acceptance_criteria_workday_acez_pr,15,legal_exam_bar_lawyers_contracts,0.9182453373845026
599,consent_paired_were_doesn_counter,"[78, 102, 135, 177, 209]",576,consent_paired_informed_were_didnt,537,lying_contradictions_doesn_senses_gogh,0.9181456220670436
598,beer_galaxy_bed_fictitious_andromeda,"[118, 147, 249]",566,beer_junk_gods_seven_pandora,147,galaxy_andromeda_grain_salt_hallucinating,0.9176888487685009
597,language_large_models_model_billion,"[18, 46, 141, 194, 250, 308, 382]",141,shot_psychopath_psychological_evaluating_few,586,language_large_models_billion_model,0.9173439465206797
596,math_calculations_arithmetic_wrong_gets,"[189, 192, 273, 351, 370]",588,math_arithmetic_gets_wrong_addition,560,math_comprehensible_calculations_nice_liftet,0.9172240785014307
595,use_function_coolest_so_showing,"[61, 66, 75, 263]",480,coolest_soc2_sours_whoa_props,565,ha_cleavage_proline_furin_finals,0.9159215060469521
594,playbook_architecture_build_guide_product,"[43, 59, 211, 336]",540,playbook_architecture_build_guide_product,211,chart_laravel_poring_mekko_longtime,0.9151183829470781
593,jasper_clubhouse_fossil_ui_uses,"[255, 290]",290,clubhouse_fossil_she_ui_prohibits,255,jasper_uses_jaspers_folly_vinci003,0.9147791947172348
592,chat_chatgpt_use_do_you,"[17, 45, 58, 92, 97, 106, 125, 127, 142, 150, 152, 187, 226]",547,chat_chatgpt_use_do_ask,520,chatgpt_coding_woke_prompt_very,0.9145472175044705
591,tiny_speaks_arthur_wants_mem,"[140, 143]",143,tiny_speaks_arthur_wants_overshoots,140,mem_dreaded_docume_baited_repercussions,0.9142461775813979
590,industries_memprompt_allen_potential_institute,"[98, 132, 145, 267]",98,memprompt_allen_institute_introduces_defi,529,industries_event_revolutionize_nba_applications,0.9138219948084673
589,reinforcement_annoying_chatgpt_learning_chief,"[171, 257, 259]",259,implication_disappear_policy_towards_civilization,500,reinforcement_learning_annoying_chatgpt_unsafe,0.9131763154224908
588,math_arithmetic_gets_wrong_addition,"[189, 273, 351]",351,math_booth_nums_lis_melts,475,math_arithmetic_gets_addition_almost,0.9123856972045477
587,customer_automated_preferences_estate_behaviors,"[101, 239]",101,customer_preferences_automated_estate_behaviors,239,swot_saas_unis_smear_smartynames,0.9123593533855241
586,language_large_models_billion_model,"[18, 46, 194, 250, 308, 382]",508,language_large_models_billion_model,382,slm_unpopular_precision_sibling_manifestations,0.91192273385616
585,job_jobs_programmers_developers_work,"[115, 161, 168, 317]",541,job_jobs_programmers_developers_work,317,exultant_clears_programmers_ref_unproven,0.9117912198643168
584,extension_vscode_chrome_codegpt_cycles,"[90, 136, 378]",136,vscode_codegpt_extension_code_inside,415,chrome_extension_cycles_earn_00,0.9116190110349802
583,trademarked_gpt3_regular_not_003,"[32, 219, 289, 383]",383,yooo_idc_sick_did_basis,497,trademarked_gpt3_not_003_davinci,0.9114933797448034
582,source_intersections_closest_b2c_isnt,"[245, 322, 326]",554,intersections_source_b2c_weird_huggingface,326,davincii_42gb_rtining_kidneys_3090s,0.9113831224521081
581,explosion_jobs_omega_ap_omg,"[214, 341]",341,omega_ap_explosion_omg_jobs,214,gpt10_gags_backlogged_coke_race,0.9113002449732823
580,scientific_questions_honour_envisioned_gives,"[137, 166, 169, 233]",530,scientific_envisioned_spamming_guru_skill,546,honour_inventing_society_stronger_codes,0.9106626607487078
579,untruths_plausible_virus_opposing_brilliant,"[179, 338]",338,contemporaneously_techrepublic_langua_taish_shostack,179,untruths_plausible_virus_opposing_brilliant,0.9088247363401185
578,fans_quietly_missed_let_مبوراحة,"[112, 268]",112,fans_quietly_let_comin_telememe,268,shitcoiner_embarrassingly_notices_69_overshadowed,0.9078314541059973
577,chatgpt_jailbreak_capacity_overloaded_explain,"[44, 130, 156, 186]",156,explain_what_chatgpt_revolutions_squinting,559,chatgpt_jailbreak_capacity_overloaded_jailbreaking,0.907802089018619
576,consent_paired_informed_were_didnt,"[177, 209]",209,netas_scandal_counter_misinformation_outputs,177,consent_paired_informed_were_didnt,0.9073970682691461
575,altruism_covid_lesswrong_19_effective,"[81, 162]",162,covid_19_virus_pandemic_discusses,81,altruism_lesswrong_effective_ea_post,0.9061720372059126
574,analogical_reasoning_analogy_iq_test,"[63, 91, 185, 318]",511,analogical_reasoning_iq_analogy_test,318,algorithmic_solve_conscious_mercer_orpheus,0.9054801956953832
573,rap_battle_wassie_battaglia_mike,"[170, 215]",170,wassie_battle_seen_coherency_playin,215,rap_battle_battaglia_mike_collider,0.9054314911377959
572,journal_ever_best_ve_used,"[223, 295]",295,project_descriptions_strong_compelling_février,223,journal_ever_best_ve_steady,0.9051640149907387
571,bias_political_racist_biased_gender,"[157, 195, 222]",505,bias_political_racist_biased_knockdown,195,fmt_wing_gender_entity_imagination,0.9049489768717031
570,convo_okay_amount_literally_cc,"[31, 284]",284,dot_second_60_amount_trained,31,convo_okay_literally_cc_massive,0.9049417841486351
569,teachers_schools_threats_education_school,"[122, 196, 292]",517,teachers_schools_threats_education_permissible,292,listicle_regurgitator_reviews_improperly_verifying,0.90490541527915
568,students_essay_writing_write_essays,"[2, 24, 29, 40, 53, 110, 167]",495,ideas_opinions_worship_political_topics,470,students_essay_writing_write_essays,0.9047656601881748
567,bullsh_subtype_appear_understood_attempt,"[227, 297]",227,murdoch_dazzling_gell_exorbitant_valiant,297,subtype_understood_cancels_tting_bigoted,0.9044798895400834
566,beer_junk_gods_seven_pandora,"[118, 249]",118,beer_junk_seven_gods_pandora,249,chastise_gf_interruption_interrupted_dreamed,0.9038673314957555
565,ha_cleavage_proline_furin_finals,"[75, 263]",263,finals_coding_dialogpt_chalked_acknowledgment,75,ha_proline_furin_cleavage_arg,0.9027867390800397
564,slack_albus_enrichment_qualify_sign,"[348, 367]",367,googlable_improvising_fluently_superluminary_circumvent,348,slack_albus_enrichment_qualify_wizchat,0.9026302262892042
563,buzzfeed_bullish_stocks_financial_personalized,"[270, 288]",270,buzzfeed_bullish_stock_stocks_tolerance,288,trip_billionaire_invest_bankruptcy_financial,0.9023422331357308
562,chatbot_conversation_cogent_snitchware_yannic,"[293, 332]",293,strides_werewolf_weirdos_spotlight_chatbot,332,snitchware_cogent_yannic_reprompting_anode,0.9021891321799624
561,toshi_wallet_trading_tracking_analytics,"[8, 104, 325]",399,toshi_wallet_trading_tracking_analytics,104,crypto_presale_minidoge_team_kyc,0.9014082476818894
560,math_comprehensible_calculations_nice_liftet,"[192, 370]",192,comprehensible_math_condone_azam_shamelessly,370,wokebot_codelike_preconceptions_concretely_teller,0.9010013968946928
559,chatgpt_jailbreak_capacity_overloaded_jailbreaking,"[44, 130, 186]",528,jailbreak_chatgpt_jailbreaking_hunter_symbolic,130,capacity_overloaded_mls_rosters_preceded,0.9002999303698377
558,facts_mussolini_political_pinocchio_second,"[247, 316]",247,mussolini_pinocchio_journals_political_facts,316,second_views_tell_brain_tastes,0.8992483672642996
557,words_webtext_million_lifetimes_webtext2,"[310, 365]",365,webtext_webtext2_favored_mechanisms_dealing,310,words_million_lifetimes_200_individual,0.8985567764424359
556,exploring_unofficial_deepfakes_purpose_impacts,"[323, 324]",323,deepfakes_impacts_prevent_fake_exploring,324,unofficial_purpose_exploring_general_processing,0.8976430900641764
555,fine_tuning_training_model_tune,"[7, 27, 119, 163, 213, 241, 253]",474,punishes_istj_eyes_sentences_chatgpt,515,fine_tuning_training_tune_model,0.8974229854658462
554,intersections_source_b2c_weird_huggingface,"[245, 322]",322,b2c_weird_index_4channer_traversed,245,intersections_outliners_ai04_fortify_source,0.8972880779186192
553,json_schema_query_return_result,"[154, 337]",154,json_schema_return_structured_result,337,query_segments_pulling_summaries_obsidian,0.8965812861775211
552,sheets_excel_formulas_docket_spreadsheets,"[38, 182]",38,sheets_excel_formulas_spreadsheets_spreadsheet,182,docket_alarm_shopify_litigation_filings,0.895621773650371
551,billy_ean_concerns_engineering_advertise,"[231, 234]",234,ean_advertise_concerns_supplementing_ascribe,231,billy_shell_comply_gdb_hypertalk,0.8913708397413885
550,books_recommended_book_five_best,"[176, 344]",176,books_recommended_five_best_artificial,344,book_blueprint_brain_notes_organizing,0.8906676014480562
549,her_him_she_his_hair,"[155, 256]",155,duck_easter_germany_hero_mom,256,her_his_hair_him_iain,0.8904411289284624
548,app_store_scam_iap_affiliated,"[188, 296]",188,exclusive_microsoft_license_debuild_app,296,app_store_scam_iap_affiliated,0.8900623570366013
547,chat_chatgpt_use_do_ask,"[17, 45, 58, 92, 97, 125, 150, 226]",516,chat_chatgpt_ask_you_tried,509,use_dampanus_do_chatgpt_uncensored,0.8895601404931016
546,honour_inventing_society_stronger_codes,"[169, 233]",233,drakes_unsavory_costochondritis_bbig_contraceptive,169,honour_inventing_codes_body_titles,0.8894266455186031
545,tensorflow_text_generate_completion_photos,"[228, 246, 380]",478,tensorflow_completion_text_sagemaker_opencv,380,aye_caption_generate_save_captiongpt,0.8889039752233596
544,copywriting_copy_posts_content_sentiment,"[79, 86, 149, 160, 321]",513,copy_copywriting_hemingway_content_writing,518,posts_sentiment_copywriting_blog_articles,0.8882138804186475
543,rhyming_poetry_lyrics_poem_upgrades,"[21, 73, 80]",73,christmas_santa_holiday_music_playlists,463,rhyming_poetry_lyrics_poem_upgrades,0.8877221151254331
542,siri_voice_assistant_alexa_smart,"[19, 271]",19,siri_voice_assistant_alexa_smart,271,whisper_audio_offline_stamps_recorder,0.8870291321885295
541,job_jobs_programmers_developers_work,"[115, 161, 168]",168,labor_microscope_productivity_digital_hiring,499,job_jobs_programmers_developers_harvesting,0.8864440569641256
540,playbook_architecture_build_guide_product,"[43, 59, 336]",336,rlaif_tractable_subtly_sketch_impressively,451,playbook_architecture_build_product_guide,0.8859870427759305
539,diffusion_stable_art_image_draw,"[20, 62, 139, 342]",465,diffusion_stable_art_image_draw,342,webpage_mindmap_canva_generative_sooner,0.8856188411901131
538,keyboard_iphone_moment_ios_casper,"[216, 240]",216,keyboard_ios_casper_gptboard_iphone,240,iphone_moment_beast_feels_homie,0.8838580457330479
537,lying_contradictions_doesn_senses_gogh,"[78, 102, 135]",504,lying_contradictions_gogh_bullshit_van,135,senses_magisterium_strani_diehard_saying,0.8825856078111385
536,languages_english_translate_transformer_translation,"[47, 77, 181, 305]",305,transformer_stands_pre_generative_networks,440,translate_english_languages_translation_language,0.8799974613009839
535,minutes_custom_builder_code_no,"[198, 201]",198,sv_developer_bemoaning_birthplace_ahem,201,builder_minutes_custom_no_code,0.879539250785369
534,notion_regex_ukraine_russia_sibling,"[105, 354]",354,sibling_instructgpt_host_lipoproteins_glycocalyx,105,notion_regex_ukraine_russia_countries,0.8756492155926641
533,chatbot_respond_chat_based_chatgpt,"[95, 217, 230, 254, 311]",311,playwrights_speculating_respond_stir_intelligently,526,chatbot_chat_conversational_chatgpt_based,0.8752428082510668
532,wolframalpha_unsupervised_wolfram_alpha_langc,"[85, 306]",85,wolframalpha_unsupervised_wolfram_alpha_langc,306,irresistible_drained_systematic_immovable_coaches,0.8752184007881837
531,visions_md5_magic_hash_album,"[129, 202]",129,magic_object_spicier_combinatorial_4657,202,1000th_parenthesis_youngest_bonuses_blasted,0.8735653870007365
530,scientific_envisioned_spamming_guru_skill,"[137, 166]",166,guru_tags_philosophy_bosheng_3replication,137,spamming_scientific_bank_spam_published,0.8730781004223077
529,industries_event_revolutionize_nba_applications,"[132, 145, 267]",519,industries_nba_lots_content_event,267,explore_apathetic_cogsci_improvisation_masterclass,0.8728316697041606
528,jailbreak_chatgpt_jailbreaking_hunter_symbolic,"[44, 186]",186,symbolic_pelosi_impaired_associations_ppls,44,jailbreak_chatgpt_jailbreaking_hunter_remove,0.8723113577215064
527,took_months_netflix_instagram_facebook,"[120, 153]",120,took_months_netflix_facebook_spotify,153,crossed_guardian_offline_investor_nov,0.8687670647111366
526,chatbot_chat_conversational_chatgpt_based,"[95, 217, 230, 254]",482,chatbot_chat_conversational_bot_based,254,command_phrase_fancy_hooked_deathblow,0.8680609745827732
525,chatbots_chatbot_builder_messengers_customer,"[42, 144, 146, 366]",461,chatbots_chatbot_builder_messengers_auto,366,newshour_outta_pbs_libre_chatbot,0.8679672835919457
524,openai_ai_api_will_is,"[0, 1, 5, 6, 10, 13, 23, 41, 51, 64, 88]",455,openai_ai_api_will_for,452,years_2020_than_ux_be,0.8676438331692918
523,tweets_tweet_twitter_elon_account,"[4, 159, 200, 218, 361]",200,tesla_musk_elon_twitter_ck,488,tweets_tweet_twitter_writer_own,0.8668590571821737
522,palm_larger_size_than_powerful,"[174, 276, 281]",276,palm_worse_smaller_google_roughly,445,larger_size_powerful_than_amnon,0.8663563379029564
521,fun_playing_wow_having_late,"[57, 117]",57,eve_registered_proud_wall_eth,117,wow_fun_sold_playing_crawl,0.8653349565968769
520,chatgpt_coding_woke_prompt_very,"[106, 127, 142, 152, 187]",492,chatgpt_coding_woke_banned_very,142,palettes_directed_teach_designers_prompts,0.865123024578303
519,industries_nba_lots_content_event,"[132, 145]",145,meets_today_fixed_coordinators_champagne,132,industries_nba_stats_productivity_barely,0.8638967311154986
518,posts_sentiment_copywriting_blog_articles,"[79, 86, 160]",448,posts_sentiment_copywriting_blog_copywriter,86,120k_sm_autosuggest_dribble_pr,0.8637581026322735
517,teachers_schools_threats_education_permissible,"[122, 196]",122,teachers_schools_education_threats_permissible,196,copyrighted_verbatim_marketing_terms_pr,0.8610247299847574
516,chat_chatgpt_ask_you_tried,"[17, 58, 97, 125, 226]",226,crap_regurgitations_bounce_disincentivise_armageddon,498,chat_chatgpt_ask_tried_you,0.8595108270298275
515,fine_tuning_training_tune_model,"[7, 27, 119, 241, 253]",496,fine_tuning_training_model_tune,241,master_buterin_evolution_naïve_vitalik,0.8583957783100352
514,podcast_episode_transcripts_listen_podcasts,"[151, 158]",158,podcast_transcripts_podcasts_episode_summarize,151,episode_equity_club_talk_leta,0.8576760222552033
513,copy_copywriting_hemingway_content_writing,"[149, 321]",321,feedback_actionable_marketing_thousands_insights,149,copy_hemingway_copywriting_writing_proofreaders,0.8565849674788091
512,players_game_alphastar_soul_squid,"[252, 299]",252,soul_players_minecraft_game_immersive,299,alphastar_players_game_squid_challenging,0.8561029329571043
511,analogical_reasoning_iq_analogy_test,"[63, 91, 185]",462,iq_turing_test_reasoning_intelligence,185,analogical_analogy_reasoning_emergent_analogies,0.8551732261214652
510,3s_ship_assistant_writing_connect,"[93, 121, 232]",466,3s_ship_assistant_writing_connect,232,editor_stories_assistant_prose_today,0.8536615812408923
509,use_dampanus_do_chatgpt_uncensored,"[45, 92, 150]",491,chatgpt_discounting_sheet_frustrating_use,45,dampanus_uncensored_try_plz_pulls,0.8534308699348663
508,language_large_models_billion_model,"[18, 46, 194, 250, 308]",308,brainteaser_models_language_father_son,490,language_large_models_billion_model,0.8522576935467585
507,sparrow_deepmind_fei_remarks_alexatm,"[184, 329]",184,sparrow_fei_deepmind_remarks_lips,329,tame_atman_bakugo_wilddd_neur,0.8522517820165134
506,per_month_pay_42_pricing,"[33, 69, 208, 345]",208,paid_free_usage_metric_monthly,438,per_month_42_pay_pricing,0.8509822392276208
505,bias_political_racist_biased_knockdown,"[157, 222]",222,bias_political_white_whites_racist,157,biased_knockdown_bias_pets_paradox,0.850906114166445
504,lying_contradictions_gogh_bullshit_van,"[78, 102]",102,bullets_were_yous_wormholes_610,78,contradictions_lying_gogh_bullshit_van,0.8485731410926445
503,cgpt_difference_chatgpt_torahgpt_satellite,"[175, 238, 248]",248,gita_cgpt_api_opening_deviates,477,difference_chatgpt_torahgpt_satellite_abusive,0.8462928212599008
502,argues_discusses_post_author_article,"[3, 12, 50, 54, 199]",443,argues_discusses_post_author_article,199,interpretability_mechanistic_discusses_learning_rl,0.8459503312521518
501,copilot_slides_runway_replit_extensions,"[52, 68]",52,copilot_codex_code_both_gpt3,68,slides_runway_replit_extensions_ghostwriter,0.844889037800097
500,reinforcement_learning_annoying_chatgpt_unsafe,"[171, 257]",171,reinforcement_chief_labelers_scientist_belief,257,unsafe_delta_relate_trainers_annoying,0.8401786743147694
499,job_jobs_programmers_developers_harvesting,"[115, 161]",115,job_jobs_multifamily_latch_certification,161,programmers_developers_harvesting_replacing_jobs,0.8400173793385757
498,chat_chatgpt_ask_tried_you,"[17, 58, 97, 125]",125,skeleton_ape_output_confidence_chat,471,chat_chatgpt_ask_tried_you,0.8396945837235035
497,trademarked_gpt3_not_003_davinci,"[32, 219, 289]",289,unlisted_not_surely_looks_ah,483,trademarked_gpt3_davinci_003_variant,0.8375827429715201
496,fine_tuning_training_model_tune,"[7, 27, 119, 253]",253,cautious_mention_imitate_does_cadence,453,fine_tuning_training_tune_model,0.8369343094027195
495,ideas_opinions_worship_political_topics,"[110, 167]",110,worship_ideas_january_páscoa_filipe,167,opengraph_political_msm_opinions_bias,0.8366793986472996
494,search_google_engine_information_feedback,"[11, 16, 220, 319, 346]",446,search_google_engine_information_feedback,319,search_engines_engine_adversarial_çelik,0.8360440195055847
493,medical_pdf_patient_recipe_doctor,"[22, 283]",283,ehrs_uk_presents_study_health,22,medical_pdf_recipe_doctor_healthcare,0.8353571777731554
492,chatgpt_coding_woke_banned_very,"[106, 127, 152, 187]",127,codepal_programmer_coding_symbols_precise,486,chatgpt_woke_probing_avg_stackoverflow,0.8343083738489095
491,chatgpt_discounting_sheet_frustrating_use,"[92, 150]",150,contexts_especially_analogy_case_moulding,92,sheet_chatgpt_nearly_clone_repo,0.8342038596206417
490,language_large_models_billion_model,"[18, 46, 194, 250]",427,language_large_models_billion_model,250,refusing_bert_language_models_architecture,0.8335518599400432
489,email_emails_phishing_reply_ellie,"[25, 83]",25,email_emails_reply_ellie_send,83,phishing_compiled_thread_saved_generated,0.8332756726218384
488,tweets_tweet_twitter_writer_own,"[4, 159, 218, 361]",361,twitter_sifting_needs_infographics_electoral,439,tweets_tweet_twitter_writer_own,0.8329770710799599
487,teams_premium_meeting_microsoft_meetings,"[28, 291, 373]",393,meeting_meetings_items_tactiq_action,28,teams_premium_microsoft_meetings_meeting,0.830950203437311
486,chatgpt_woke_probing_avg_stackoverflow,"[106, 152, 187]",472,woke_chatgpt_avg_explorers_wordcels,152,probing_stackoverflow_banned_worthwhile_expert,0.8298703333421015
485,youtube_video_videos_summarize_transcripts,"[74, 258]",258,docs_summarize_articles_organize_airtable,74,youtube_video_videos_transcripts_summarize,0.8283661526164343
484,bot_bots_sysadmin_am_re,"[116, 384]",116,bot_bots_sysadmin_re_boomers,384,bots_literal_pleasant_malone_aborted,0.827729401947282
483,trademarked_gpt3_davinci_003_variant,"[32, 219]",219,gpt3_davinci_warranted_synonymous_stack,32,trademarked_gpt3_yep_confirmed_physical,0.8276699587047257
482,chatbot_chat_conversational_bot_based,"[95, 217, 230]",95,chatbot_ethics_design_switch_bill,469,chatbot_vocab_dialogue_____based,0.8275555964450368
481,craiyon_mdm_tabnine_codegeex_get3d,"[111, 134]",134,mdm_craiyon_tabnine_codegeex_dreamfusion,111,figma_eval_rtutor_source_chineese,0.8255346789003363
480,coolest_soc2_sours_whoa_props,"[61, 66]",61,sours_whoa_compression_done_letting,66,soc2_compliant_coolest_npcs_function,0.8231758955604948
479,joke_jokes_humor_funny_scheire,"[65, 360]",65,joke_humor_jokes_funny_scheire,360,bozo_jokes_sez_earshot_fridge,0.8229507533837437
478,tensorflow_completion_text_sagemaker_opencv,"[228, 246]",246,opencv_pytorch_photos_completion_tensorflow,228,tensorflow_grammarly_subscripts_acquainted_notams,0.8221856405390326
477,difference_chatgpt_torahgpt_satellite_abusive,"[175, 238]",175,torahgpt_satellite_abusive_difference_cgpt,238,essentially_pervious_difference_tad_differs,0.8210384263055708
476,sentence_sanskrit_natural_text_greuter,"[148, 340]",148,sanskrit_sentence_symmetric_greuter_susanne,340,sentence_olivia_named_modeled_endless,0.8207793653854207
475,math_arithmetic_gets_addition_almost,"[189, 273]",273,math_arithmetic_addition_gets_defensive,189,achieves_digit_arithmetic_almost_math,0.8182311148825634
474,punishes_istj_eyes_sentences_chatgpt,"[163, 213]",213,punishes_istj_eyes_refusing_sentences,163,dali_verbatim_tries_neural_traditional,0.8152449987889947
473,tokens_token_limit_4096_limitation,"[96, 314]",314,improvement_larger_2breleased_2represent_prelude,96,token_tokens_limit_limitation_4096,0.8150734120071548
472,woke_chatgpt_avg_explorers_wordcels,"[106, 187]",187,rhymes_tried_reason_occassion_brendan,106,woke_avg_explorers_wordcels_playground,0.8133196717071235
471,chat_chatgpt_ask_tried_you,"[17, 58, 97]",447,chat_ask_chatgpt_evelynai_rule,97,originated_odisha_blocks_inc_slack,0.812923635455215
470,students_essay_writing_write_essays,"[2, 24, 29, 40, 53]",460,students_essay_writing_essays_write,29,written_paper_asked_did_reads,0.8100005250009045
469,chatbot_vocab_dialogue_____based,"[217, 230]",230,____chatbot_ascii_respond_hinglish,217,chatbot_vocab_representing_benefits_dialogue,0.8093121568581862
468,comcast_bill_advisory_donotpay_episode,"[128, 353]",128,comcast_bill_advisory_transition_taskade,353,consumer_lifeform_lively_barsee_ahhhhhh,0.8087395957277601
467,money_affiliate_marketing_business_chat,"[103, 356]",103,affiliate_marketing_money_chat_interacting,356,money_earn_business_000000s_9k,0.8055534481282548
466,3s_ship_assistant_writing_connect,"[93, 121]",121,organically_classroom_betting_disrupting_dropping,93,3s_ship_assistant_connect_plan,0.8047802926487474
465,diffusion_stable_art_image_draw,"[20, 62, 139]",139,image_text_describe_captioning_generate,442,diffusion_stable_art_draw_svg,0.8045822175893905
464,mba_wharton_exam_school_professor,"[172, 191]",191,achievements_genius_wharton_mba_auc,172,mba_wharton_exam_school_professor,0.8032522133124222
463,rhyming_poetry_lyrics_poem_upgrades,"[21, 80]",80,song_drake_music_lyrics_songs,21,rhyming_poetry_poem_lyrics_upgrades,0.8016372650689976
462,iq_turing_test_reasoning_intelligence,"[63, 91]",63,turing_test_portraits_measure_iq,91,iq_conscious_reasoning_average_human,0.7975672858027093
461,chatbots_chatbot_builder_messengers_auto,"[42, 144, 146]",144,slipping_zora_miembro_chatbots_customer,441,chatbots_chatbot_builder_messengers_gupshup,0.7973268917831337
460,students_essay_writing_essays_write,"[2, 24, 40, 53]",40,detection_detector_detect_classifier_generated,423,students_essay_writing_essays_write,0.7968403467151975
459,prompt_prompts_agi_injection_marketplace,"[35, 82, 94]",82,agi_marketplace_prompts_promptbase_midjourney,420,prompt_prompts_injection_effective_output,0.7946046844963466
458,parameters_trillion_175_billion_100,"[14, 55, 60, 76, 190]",395,parameters_trillion_175_billion_100,424,parameters_cost_training_v100_train,0.7876241563615964
457,nft_completing_summarization_embedded_contract,"[236, 355]",236,nft_summarization_embedded_contract_sumren,355,nft_completing_got_writer_project,0.7863155342529344
456,davinci_003_002_text_curie,"[37, 87, 205, 369]",369,davinci_003_poopy_shareshortcuts_nina,428,davinci_003_002_text_curie,0.7856102256435702
455,openai_ai_api_will_for,"[0, 1, 5, 6, 10, 13, 51]",51,python_api_firebase_plugin_missing,444,openai_ai_api_will_in,0.7794389524650622
454,chatbot_language_developed_model_conversational,"[71, 84, 114, 178, 286, 333]",418,chatbot_language_conversations_python_model,430,developed_language_model_conversational_variant,0.7719450772561359
453,fine_tuning_training_tune_model,"[7, 27, 119]",431,fine_tuning_tune_words_temperature,119,training_claude_svm_pruned_percent,0.7634551924205839
452,years_2020_than_ux_be,"[23, 41, 64, 88]",64,bots_bot_trolls_ux_goku,435,years_2020_than_imagine_people,0.7630049061500794
451,playbook_architecture_build_product_guide,"[43, 59]",43,playbook_architecture_napkin_build_product,59,code_tactiq_filenames_orca_congratulations,0.7584744347321696
450,green_lines_story_generated_cc,"[251, 313]",251,green_lines_story_generated_entire,313,fiction_comic_sites_cyberpunks_peeling,0.7582592644474471
449,flan_t5_3b_11b_tuning,"[302, 362]",302,flan_t5_11b_hub_metric,362,3b_flan_compute_outperform_foundational,0.7533904990609241
448,posts_sentiment_copywriting_blog_copywriter,"[79, 160]",160,sentiment_posts_analysis_backpack_copywriting,79,copywriting_copywriter_posts_blog_summaries,0.7504059581732406
447,chat_ask_chatgpt_evelynai_rule,"[17, 58]",58,echo_hyuck_lighten_chatbot_communicating,17,chat_ask_evelynai_guildhawk_tried,0.7488283190564324
446,search_google_engine_information_feedback,"[11, 16, 220, 346]",346,cite_engine_second_alpha_sources,407,search_google_engine_information_appreciated,0.7480997544849668
445,larger_size_powerful_than_amnon,"[174, 281]",174,amnon_improvements_larger_doodads_size,281,powerful_quantifier_nipples_500_sink,0.7479390090585554
444,openai_ai_api_will_in,"[0, 1, 5, 6, 10, 13]",413,openai_ai_api_will_in,13,industrial_foundry_simplifying_disadvantages_decoding,0.7257774794059008
443,argues_discusses_post_author_article,"[3, 12, 50, 54]",54,safety_discusses_research_argues_article,434,argues_discusses_post_author_concept,0.7257575766038443
442,diffusion_stable_art_draw_svg,"[20, 62]",20,art_draw_svg_artist_apps,62,diffusion_stable_image_dalle_output,0.7251913576405391
441,chatbots_chatbot_builder_messengers_gupshup,"[42, 146]",42,builder_chatbots_messengers_gupshup_chatbot,146,mindmap_chatbot_chatbots_customer_clicker,0.7143359121703448
440,translate_english_languages_translation_language,"[47, 77, 181]",433,english_languages_translate_translation_transformer,77,language_translate_models_large_001,0.7106338867791299
439,tweets_tweet_twitter_writer_own,"[4, 159, 218]",400,tweets_tweet_twitter_tweeting_account,159,custom_tweets_tweet_required_writer,0.7059468038726368
438,per_month_42_pay_pricing,"[33, 69, 345]",402,pay_month_per_42_pricing,345,per_kenyan_month_hour_42,0.7058752002524349
437,natural_language_processing_text_nlp,"[36, 56, 99, 131, 307]",99,language_robert_natural_text_processing,414,natural_language_processing_text_nlp,0.7056740575702883
436,difference_between_vs_differences_trips,"[113, 221]",113,difference_between_differences_bonds_vehicle,221,difference_trips_round_exchanges_vs,0.6986157520764139
435,years_2020_than_imagine_people,"[23, 41, 88]",416,years_than_2020_much_excited,88,gpt4_maximum_years_tokens_squeeze,0.6912713594267128
434,argues_discusses_post_author_concept,"[3, 12, 50]",396,argues_discusses_post_author_concept,50,alignment_discusses_values_argues_systems,0.6912612604984046
433,english_languages_translate_translation_transformer,"[47, 181]",181,translate_transformer_translations_language_generative,47,english_languages_translate_translation_transformer,0.6911156112763455
432,api_chatgpt_apis_sms_access,"[26, 108, 126]",419,api_unofficial_apis_access_engineered,26,api_sms_chatgpt_toll_recreated,0.6885158228053235
431,fine_tuning_tune_words_temperature,"[7, 27]",27,words_word_sentence_text_next,7,fine_tuning_tune_temperature_training,0.6810491381677822
430,developed_language_model_conversational_variant,"[114, 286, 333]",404,developed_tts_language_variant_conversational,286,picoh_speech_developed_model_speaks,0.6742843683822539
429,seo_content_seos_urls_search,"[70, 269, 358]",403,seo_content_urls_seos_search,358,seo_11651_surviving_266_heirs,0.6737329872668906
428,davinci_003_002_text_curie,"[37, 87, 205]",87,davinci_003_chatgpt_playground_ada,397,davinci_003_002_text_curie,0.6685328884413191
427,language_large_models_billion_model,"[18, 46, 194]",410,large_language_models_billion_parameters,46,language_vall_large_models_speech,0.6685135914678246
426,writer_localhost_shoutout_lemme_frontend,"[197, 277]",277,localhost_shoutout_lemme_writer_below,197,frontend_writer_cc_thoughts_idea,0.6615240796515263
425,advent_placing_puzzles_code_solve,"[265, 327]",327,placing_advent_code_pt_psalm,265,advent_puzzles_solve_aoc_leaderboard,0.6610633643075543
424,parameters_cost_training_v100_train,"[55, 190]",55,cost_parameters_training_v100_train,190,parameters_gb_heads_000_trained,0.6578620235012678
423,students_essay_writing_essays_write,"[2, 24, 53]",411,students_essay_writing_essays_write,53,writing_writers_stories_ai_literary,0.6569763220972852
422,family_november_supervised_launched_reinforcement,"[100, 109, 294, 349]",294,developed_stands_transformer_generative_chatbot,398,family_november_supervised_launched_reinforcement,0.6526306407846688
421,llms_llm_source_are_output,"[9, 272]",272,llms_censors_llm_walking_watching,9,llms_llm_source_are_open,0.6424584149008797
420,prompt_prompts_injection_effective_output,"[35, 94]",35,prompt_prompts_effective_engineering_output,94,injection_prompt_wikipedia_trained_same,0.6412544322087694
419,api_unofficial_apis_access_engineered,"[108, 126]",126,api_call_yes_binary_apis,108,api_unofficial_engineered_access_avail,0.6348559082201879
418,chatbot_language_conversations_python_model,"[71, 84, 178]",178,chatbot_language_revolutionary_function_utilizing,408,chatbot_python_conversations_language_conversational,0.6337243149326526
417,whatsapp_assistants_voiceflow_god_box,"[165, 331]",165,whatsapp_god_box_known_directly,331,assistants_whatsapp_voiceflow_badge_hunt,0.6262301831377703
416,years_than_2020_much_excited,"[23, 41]",23,than_imagine_better_be_excited,41,years_chat_chatgpt_ux_2020,0.6248067735433721
415,chrome_extension_cycles_earn_00,"[90, 378]",90,chrome_extension_cycles_earn_00,378,extension_emails_chrome_replai_cold,0.619579286924876
414,natural_language_processing_text_nlp,"[36, 56, 131, 307]",409,natural_language_processing_text_nlp,307,generating_capable_language_tasks_performing,0.6095825015202373
413,openai_ai_api_will_in,"[0, 1, 5, 6, 10]",10,github_code_app_apps_copilot,405,openai_ai_api_will_microsoft,0.6087883659277379
412,bing_microsoft_search_event_engine,"[39, 328]",39,bing_microsoft_search_event_engine,328,perplexity_bing_interface_search_directly,0.608328459091902
411,students_essay_writing_essays_write,"[2, 24]",2,students_essay_essays_student_teachers,24,writing_write_movie_movies_novels,0.6050926176051767
410,large_language_models_billion_parameters,"[18, 194]",194,language_large_models_special_billion,18,large_language_models_billion_parameters,0.5942352852578638
409,natural_language_processing_text_nlp,"[36, 56, 131]",131,language_developed_large_models_perform,394,natural_processing_language_text_generation,0.5731762089862743
408,chatbot_python_conversations_language_conversational,"[71, 84]",71,chatbot_language_premises_botkit_openai,84,chatbot_python_conversations_lines_conversational,0.5727220398928266
407,search_google_engine_information_appreciated,"[11, 16, 220]",389,search_google_engine_information_engines,220,search_perplexity_neeva_google_engine,0.5725214378422592
406,hn_show_shell_turning_books,"[204, 210]",204,hn_turning_show_books_trivia,210,hn_shell_show_eli5_powered,0.5706220338149584
405,openai_ai_api_will_microsoft,"[0, 1, 5, 6]",401,openai_ai_api_will_microsoft,6,business_startups_saas_customer_startup,0.5669287630332985
404,developed_tts_language_variant_conversational,"[114, 333]",333,developed_conversational_chatbot_dialogue_explicate,114,developed_tts_processing_variant_language,0.5361282631464064
403,seo_content_urls_seos_search,"[70, 269]",70,seo_content_urls_rank_seos,269,seo_recap_speculates_recycled_capper,0.5125558192664557
402,pay_month_per_42_pricing,"[33, 69]",33,42_pay_free_month_pro,69,per_pricing_month_usage_token,0.5100769675598085
401,openai_ai_api_will_microsoft,"[0, 1, 5]",5,chatgpt_chat_gpt3_much_than,392,openai_ai_api_will_microsoft,0.5011784013518185
400,tweets_tweet_twitter_tweeting_account,"[4, 218]",218,tweets_twitter_tweet_bots_bot,4,tweets_tweet_twitter_account_my,0.4985505460864377
399,toshi_wallet_trading_tracking_analytics,"[8, 325]",325,dapp_toshi_gm_traders_trading,8,toshi_wallet_trading_tracking_analytics,0.494142145767845
398,family_november_supervised_launched_reinforcement,"[100, 109, 349]",100,family_november_openai_language_chatbot,390,november_family_supervised_launched_reinforcement,0.4930297984335714
397,davinci_003_002_text_curie,"[37, 205]",37,davinci_003_002_text_curie,205,003_davinci_002_artificially_released,0.4585951707931184
396,argues_discusses_post_author_concept,"[3, 12]",3,argues_discusses_post_concept_author,12,artificial_intelligence_discusses_argues_article,0.45518779483085403
395,parameters_trillion_175_billion_100,"[14, 60, 76]",387,parameters_trillion_175_billion_100,76,parameters_trillion_175_billion_000,0.4429100441332261
394,natural_processing_language_text_generation,"[36, 56]",56,text_language_processing_natural_human,36,natural_processing_language_generation_nlp,0.43531282781473
393,meeting_meetings_items_tactiq_action,"[291, 373]",291,meeting_meetings_items_action_transcripts,373,meeting_meetings_tactiq_takeaways_automatically,0.4118345013941389
392,openai_ai_api_will_microsoft,"[0, 1]",1,ai_will_we_future_jobs,0,openai_api_microsoft_playground_chatgpt,0.36578624018945904
391,mental_health_therapy_support_koko,"[30, 72]",30,mental_health_support_therapy_therapist,72,mental_health_koko_therapy_support,0.35179483978710335
390,november_family_supervised_launched_reinforcement,"[109, 349]",349,supervised_reinforcement_family_november_techniques,109,november_family_transformer_launched_pre,0.3234305753285276
389,search_google_engine_information_engines,"[11, 16]",16,search_google_engine_chatgpt_engines,11,search_google_engine_information_feedback,0.3015580030462911
388,azure_service_codex_dall_availability,"[49, 262]",262,azure_customers_inference_service_infrastructure,49,azure_service_codex_dall_availability,0.27273278890792174
387,parameters_trillion_175_billion_100,"[14, 60]",60,parameters_trillion_175_toy_100,14,parameters_trillion_175_billion_100,0.20874411851556485
